Product,Type,Price,View
Apple iPhone 11 ,Điện thoại ,18950000,217526
Bộ phát Wifi di động 4G LTE TotoLink MF180 v2.0 ,Phụ kiện ,1090000,2771
Nokia 7.2 ,Điện thoại ,2500000,12
OPPO Find X2 ,Điện thoại ,18750000,58677
Oppo A31 4GB/128GB ,Điện thoại ,3300000,2
Samsung Galaxy S20 Ultra ,Điện thoại ,18990000,76
Samsung Galaxy Note 10 Lite 8GB/128GB ,Điện thoại ,7990000,7
Samsung Galaxy S20 Ultra ,Điện thoại ,18980000,264088
Samsung Galaxy Note 10 Lite Bạc ,Điện thoại ,7990000,302
Apple iPhone 7 Plus ,Điện thoại ,8090000,541
Tai nghe Bluetooth JBL T115BT ,Phụ kiện ,850000,4644
Xiaomi Mi Note 10 Lite ,Điện thoại ,8090000,447
Samsung Galaxy Note 10 Lite 8GB/128GB ,Điện thoại ,7790000,206
Oppo Reno4 ,Điện thoại ,7790000,21048
Samsung Galaxy Note 10 Lite 8GB/128GB ,Điện thoại ,7790000,693
Samsung Galaxy Note 10 Lite 8GB/128GB ,Điện thoại ,7790000,244
Tai nghe True Wireless Soul ST,Phụ kiện ,990000,3227
Thẻ nhớ MicroSD Sandisk Extreme Pro 64GB ,Phụ kiện ,540000,502
Pin dự phòng Zendure SuperMini 10000Mah PD 18W ,Phụ kiện ,990000,324
Pin dự phòng Anker PowerCore 13000 ,Phụ kiện ,780000,16070
Ốp iPhone 11 UAG Pathfinder SE Camo ,Phụ kiện ,890000,2588
"Ốp lưng chống sốc GEAR4 D3O Piccadilly iPhone  5.8""/6,1""/6,5"" 2019 ",Phụ kiện ,990000,1916
Ốp iPhone 11 Pro Max UAG Pathfinder SE Camo ,Phụ kiện ,890000,1820
Ốp iPhone 11 Pro UAG Pathfinder SE Camo ,Phụ kiện ,890000,1441
Ốp iPhone XS Max UAG Camo ,Phụ kiện ,650000,3867
Sạc Dự Phòng HYPERJUICE Tích Hợp Lightning + USB,Phụ kiện ,1050000,1614
Tay cầm chống rung Zhiyun Smooth X Combo ,Phụ kiện ,1050000,262
Tai nghe JBL LIVE 300TWS ,Phụ kiện ,3490000,2497
Pin dự phòng Xiaomi 20000 Gen 3 Type,Phụ kiện ,880000,11466
Thay màn hình cảm ứng Sony Z,Phụ kiện ,1100000,1
"Sạc INNOSTYLE GAN ZENI 65W Cho iPhone, iPad, Macbook ",Phụ kiện ,990000,17229
Pin dự phòng Mipow Power Bank Cube 20000 SPT07 ,Phụ kiện ,590000,5348
Thay màn hình cảm ứng HTC M,Phụ kiện ,1150000,1
Sạc dự phòng PISEN Quick Charge 3.0 PD Power Bank 20.100mAh ,Phụ kiện ,650000,13730
Thay màn hình cảm ứng Sony Z,Phụ kiện ,1150000,1
Thay màn hình iPad 2 / iPad ,Phụ kiện ,1190000,2
Loa bluetooth Sony SRS,Phụ kiện ,1220000,25520
Thay màn hình iPad Mini ,Phụ kiện ,1250000,1
Tai nghe JBL ENDURANCE SPRINT ,Phụ kiện ,990000,9652
"Sạc Anker 5 cổng 60w, Power Delivery ",Phụ kiện ,950000,1116
Thay pin iPhone XS Chính Hãng PISEN (Dung lượng chuẩn 2658mAh,Phụ kiện ,950000,2
JBL Clip 3 ,Phụ kiện ,1280000,12761
Tai nghe iFrogz không dây Sound Hub XD2 ,Phụ kiện ,1079000,479
Tai nghe Sony WH,Phụ kiện ,890000,11289
Tai nghe Samsung Galaxy Buds ,Phụ kiện ,1290000,3087
"Ốp lưng chống sốc GEAR4 D3O Battersea iPhone 6.5"" 2019 (Black) ",Phụ kiện ,1170000,2638
Thay màn hình cảm ứng Redmi Pr,Phụ kiện ,1150000,1
Thay màn hình iPAD ,Phụ kiện ,1290000,1
Sạc dự phòng Mophie Powerstation USB,Phụ kiện ,3510000,985
Cổng chuyển hyperdrive 4K HDMI 3,Phụ kiện ,990000,2903
Cổng Chuyển Chuyên Dụng HYPERDRIVE IPAD 4 IN 1 HDMI 4K/30HZ USB,Phụ kiện ,1150000,1370
Tai Nghe BLUETOOTH SENNHEISER HD 4.40 BT WIRELESS ,Phụ kiện ,2590000,6399
Tai nghe Bluetooth Plantronics BackBeat Fit 3100 True Wireless Sport ,Phụ kiện ,2690000,2779
Thẻ nhớ MicroSD Sandisk Extreme Pro 128GB ,Phụ kiện ,1200000,483
Tai nghe Bluetooth Plantronics BackBeat GO 810 ,Phụ kiện ,2590000,1910
Loa Harman Kardon Onyx Studio 4 ,Phụ kiện ,2990000,68049
Tai nghe JBL REFLECT FLOW ,Phụ kiện ,3590000,9085
Apple Pencil (Gen 2) ,Phụ kiện ,3490000,15370
Tai nghe Apple AirPods 2 ,Phụ kiện ,3490000,400723
Tai nghe Bluetooth Plantronics BackBeat GO 410 ,Phụ kiện ,2490000,1204
Loa Harman Kardon Onyx Studio 5 ,Phụ kiện ,3490000,82303
Tai nghe JBL Everest 310BT ,Phụ kiện ,2490000,4840
Ốp iPhone X/XS UAG Camo ,Phụ kiện ,650000,2675
Camera IMOU IP Ranger Pro ,Phụ kiện ,990000,5475
Thay vỏ iPhone 7 plu,Phụ kiện ,1100000,2
Máy lọc không khí Xiaomi Mi Air Purifier Pro/EU ,Phụ kiện ,3990000,1492
Thay màn hình cảm ứng IPhone 6s PLu,Phụ kiện ,1100000,2
Tai nghe không dây WI,Phụ kiện ,1070000,8584
Tai Nghe không dây Sony WH,Phụ kiện ,1120000,30999
Samsung Galaxy S20 ,Điện thoại ,13980000,156893
Vivo V17 Pro ,Điện thoại ,8490000,49668
TAI NGHE SONY MDR,Phụ kiện ,1120000,12667
Xiaomi Mi Note 10 Lite ,Điện thoại ,8190000,56768
Samsung Galaxy A71 ,Điện thoại ,8290000,540957
Samsung Galaxy S20 128GB ,Điện thoại ,13490000,665
Samsung Galaxy S20 ,Điện thoại ,13190000,540
Samsung Galaxy Note 10 Plus ,Điện thoại ,13190000,864
Apple Iphone 8 Plus ,Điện thoại ,12990000,591
Poco F2 Pro ,Điện thoại ,12790000,9286
Apple iPhone SE ,Điện thoại ,12390000,46498
Xiaomi Mi Note 10 Pro ,Điện thoại ,12490000,169410
Oppo Reno3 Pro ,Điện thoại ,8590000,54
Samsung Galaxy Note 10 Lite ,Điện thoại ,8650000,378
Samsung Galaxy S20 ,Điện thoại ,13490000,595
Huawei Nova 5T ,Điện thoại ,8990000,122094
Oppo Reno3 Pro ,Điện thoại ,8990000,345
Apple iPhone 7 Plus ,Điện thoại ,8990000,381877
Samsung Galaxy Note 10 Lite ,Điện thoại ,8990000,825215
Oppo Reno4 Pro,Điện thoại ,11990000,19219
Apple iPhone 8 Plus ,Điện thoại ,11950000,51
Apple iPhone 8 Plus ,Điện thoại ,13490000,184383
Apple iPhone 8 Plus ,Điện thoại ,11950000,366
Blackberry KEY 2 ,Điện thoại ,13690000,267481
Poco F2 Pro ,Điện thoại ,11790000,25935
Xiaomi Mi Note 10 ,Điện thoại ,11790000,182674
Samsung Galaxy S20 Plus ,Điện thoại ,14090000,567
Samsung Galaxy Note 10 Plus 12GB/256GB ,Điện thoại ,14490000,5
 Xiaomi Mi Note10 Pro 8GB/256GB DGW ,Điện thoại ,11490000,24
Samsung Galaxy Note 10 ,Điện thoại ,11790000,128
Samsung Galaxy S20 Plus ,Điện thoại ,14990000,372
Samsung Galaxy S20 Plus ,Điện thoại ,14980000,329360
Apple iPhone SE ,Điện thoại ,15550000,25201
Xiaomi Redmi Note 8 ,Điện thoại ,3390000,296
Vsmart Active 3 6GB/64GB ,Điện thoại ,3390000,664
Samsung Galaxy A21s ,Điện thoại ,3450000,53
Blackberry Evolve ,Điện thoại ,3590000,125
Blackberry Evolve ,Điện thoại ,3590000,473
Xiaomi Redmi Note 8 ,Điện thoại ,3650000,175808
Xiaomi Redmi Note 9 ,Điện thoại ,3690000,12046
Samsung Galaxy A30s ,Điện thoại ,3690000,1245
Realme 6i ,Điện thoại ,3715000,1273
Xiaomi Redmi Note 9 ,Điện thoại ,3850000,797
Xiaomi Redmi Note 8 ,Điện thoại ,3790000,357773
Vsmart Active 3 ,Điện thoại ,3990000,294921
Realme 5s 4GB/128GB ,Điện thoại ,3950000,72717
Samsung Galaxy A21s ,Điện thoại ,3990000,84779
Xiaomi Redmi Note 9 ,Điện thoại ,3990000,500
Vivo S1 ,Điện thoại ,4090000,141262
Samsung Galaxy M21 ,Điện thoại ,4090000,136880
Realme 6i ,Điện thoại ,4090000,1146
Blackberry Evolve ,Điện thoại ,4150000,91275
Oppo A31 (2020) 6GB/128GB ,Điện thoại ,4150000,56572
Samsung Galaxy A30s ,Điện thoại ,4190000,253996
Oppo A31 (2020) 6GB/128GB ,Điện thoại ,4190000,504
Vivo V17 Pro ,Điện thoại ,4290000,2337
Oppo A31 (2020) 6GB/128GB ,Điện thoại ,4290000,183
Xiaomi Redmi Note8 Pro 6GB/64GB chính hãng DGW ,Điện thoại ,4450000,50
Xiaomi Redmi Note8 Pro 6GB/64GB chính hãng DGW ,Điện thoại ,4450000,808
Samsung Galaxy A31 6GB/128GB ,Điện thoại ,4550000,2
Realme 6i ,Điện thoại ,4490000,125986
Samsung Galaxy A31 6GB/128GB ,Điện thoại ,4550000,3
Samsung Galaxy A31 ,Điện thoại ,4650000,238
Xiaomi Redmi Note 8 Pro ,Điện thoại ,4650000,1533
Xiaomi Redmi Note 9 ,Điện thoại ,4350000,128320
Samsung Galaxy A31 ,Điện thoại ,4790000,169
Honor 20 Lite ,Điện thoại ,3790000,61377
Huawei Y9 Prime 2019 ,Điện thoại ,4850000,82330
Xiaomi Redmi Note 9S ,Điện thoại ,4650000,121903
Xiaomi Redmi Note 8 Pro ,Điện thoại ,5050000,325550
Samsung Galaxy A31 6GB/128GB ,Điện thoại ,4850000,24
Samsung Galaxy A31 ,Điện thoại ,5150000,208144
Xiaomi Redmi Note 9 Pro ,Điện thoại ,5190000,413
Samsung Galaxy A31 ,Điện thoại ,5250000,419
Xiaomi Redmi Note 9 Pro 6GB/128GB Interstellar Grey ,Điện thoại ,5290000,773
 Oppo Reno3 ,Điện thoại ,5490000,36
Vivo S1 Pro ,Điện thoại ,5490000,55638
Realme 6 ,Điện thoại ,5490000,71717
Xiaomi Redmi Note 9 Pro 6GB/64GB ,Điện thoại ,5450000,597
Realme 6 ,Điện thoại ,5590000,57225
Samsung Galaxy A51 6GB/128GB Black ,Điện thoại ,5590000,9
Blackberry Key One ,Điện thoại ,5690000,142217
Xiaomi Redmi Note 8 Pro ,Điện thoại ,5350000,203353
 Oppo Reno3 ,Điện thoại ,5790000,789
Oppo A92 ,Điện thoại ,5750000,237219
Huawei Y9s ,Điện thoại ,5990000,56973
Samsung Galaxy A51 ,Điện thoại ,6150000,856605
Xiaomi Redmi Note 9 Pro ,Điện thoại ,5850000,100705
Oppo Reno 2 ,Điện thoại ,5790000,1182
Xiaomi Redmi Note 9 Pro ,Điện thoại ,6290000,92474
Oppo Reno3 ,Điện thoại ,6550000,150695
 Oppo Reno3 ,Điện thoại ,6290000,349
BlackBerry KEY 2 LE ,Điện thoại ,6790000,64468
Realme 6 ,Điện thoại ,4950000,191
Oppo Reno ,Điện thoại ,6390000,759
Oppo Reno4 ,Điện thoại ,6890000,117
Oppo Reno 2 ,Điện thoại ,6990000,1210
Realme 6 pro ,Điện thoại ,7290000,107084
Xiaomi Mi Note 10 Lite ,Điện thoại ,7350000,38681
Xiaomi Mi 9 ,Điện thoại ,7190000,483
 Xiaomi Mi Note10 Lite 8GB/128GB Glacier White ,Điện thoại ,7190000,521
Samsung Galaxy A71 8GB/128GB ,Điện thoại ,7390000,183
Samsung Galaxy A31 6GB/128GB ,Điện thoại ,4750000,59
Samsung Galaxy A31 ,Điện thoại ,4750000,112
Samsung Galaxy A31 6GB/128GB ,Điện thoại ,4690000,28
Samsung Galaxy A71 Silver ,Điện thoại ,7390000,325
Apple iPhone 7 Plus ,Điện thoại ,7690000,719
Oppo Reno3 Pro ,Điện thoại ,7390000,108
Xiaomi Redmi Note 8 ,Điện thoại ,4390000,146992
Oppo A31 (2020) 4GB/128GB ,Điện thoại ,3750000,168694
Vivo U10 ,Điện thoại ,3490000,32746
Samsung Galaxy A21s ,Điện thoại ,3450000,339
Samsung Galaxy A21s ,Điện thoại ,3450000,168
Samsung Galaxy A21s ,Điện thoại ,3450000,1064
Blackberry Key One ,Điện thoại ,4390000,36
Samsung Galaxy Note 10 Plus ,Điện thoại ,17950000,882067
Apple iPhone 11 ,Điện thoại ,17590000,719
Apple iPhone 11 ,Điện thoại ,17590000,615422
Apple iPhone 11 ,Điện thoại ,18950000,217552
Vsmart Active 3 ,Điện thoại ,2490000,102
HTC Desire 12 Plus ,Điện thoại ,2490000,470087
Samsung Galaxy A11 ,Điện thoại ,2490000,5
Nokia 5.3 ,Điện thoại ,2520000,226
Samsung Galaxy A11 ,Điện thoại ,2490000,3
Honor 8A ,Điện thoại ,1990000,169370
Tay cầm chống rung Gimbal Feiyutech Vlog Pocket ,Phụ kiện ,1350000,534
Ốp iPhone 11 Pro UAG Monarch ,Phụ kiện ,1090000,1160
Loa JBL TRIP Chính hãn,Phụ kiện ,750000,21867
Sạc Anker PowerPort Atom PD 2 [GaN Tech] 60W (2 PD) ,Phụ kiện ,1190000,1714
Thay pin IPhone X Chính Hãng PISEN (Dung lượng chuẩn 2716mAh,Phụ kiện ,990000,10434
Sạc dự phòng Anker PowerCore Lite 20.000mAh ,Phụ kiện ,1150000,5411
Tai nghe In,Phụ kiện ,1320000,17033
Tai Nghe không dây Sony WI,Phụ kiện ,1330000,24381
Bộ sạc không dây trên xe hơi HyperJuice 15W (HJ,Phụ kiện ,1369000,1194
Bộ phát Wifi di động 4G LTE TotoLink MF150 (Trắng) ,Phụ kiện ,890000,12483
Loa Bluetooth Divoom TIVOO 6W ,Phụ kiện ,1380000,7314
Samsung Galaxy Fit (SM ,Phụ kiện ,1390000,59176
Bộ sạc đôi + 1 pin rời Gopro ,Phụ kiện ,1390000,3620
Tai nghe JBL FOCUS 500 ,Phụ kiện ,750000,8398
Sạc dự phòng Aukey PB,Phụ kiện ,990000,4287
Tai Nghe Bluetooth Partron PWE,Phụ kiện ,1390000,10053
Ốp iPhone 11 Pro Max UAG Monarch ,Phụ kiện ,1090000,4298
Tai Nghe Bluetooth Anker SoundBuds Life ,Phụ kiện ,960000,9682
Pin Dự Phòng Anker PowerCore Speed 20000 QC 3.0 & PowerIQ ,Phụ kiện ,1160000,8995
Xiaomi Redmi 8 ,Điện thoại ,2690000,84345
Nokia 5.3 ,Điện thoại ,2690000,12
Realme C3 ,Điện thoại ,2750000,118380
Oppo A12 ,Điện thoại ,2750000,23414
Samsung Galaxy A11 ,Điện thoại ,2790000,204349
Nokia 5.3 ,Điện thoại ,2790000,292
Nokia 5.3 ,Điện thoại ,2790000,92
Tai nghe Bluetooth Samsung U Flex ,Phụ kiện ,750000,35714
Xiaomi Redmi 9C ,Điện thoại ,2790000,5564
Xiaomi Redmi 9 ,Điện thoại ,2790000,7
Thay màn hình cảm ứng IPhone 7 Plu,Phụ kiện ,1550000,2
Cổng Chuyển HYPERDRIVE BAR 6 IN 1 USB,Phụ kiện ,1590000,2709
Cổng chuyển HyperDrive USB,Phụ kiện ,1590000,224
Bộ phát Wifi di động Kasda KW9550 Wireless 4G ,Phụ kiện ,1090000,18727
Sạc Đa Cổng Macbook HYPERJUICE 87W DUAL USB,Phụ kiện ,1590000,2764
Gậy đa năng Gopro 3 ,Phụ kiện ,990000,8600
Tai nghe Apple urBeats3 Earphones with 3.5mm Plug ,Phụ kiện ,1590000,664
Tai nghe JBL LIVE 200BT ,Phụ kiện ,1290000,14044
Thay màn hình iPad Mini 2 / Mini ,Phụ kiện ,1650000,2
Thay màn hình cảm ứng IPhone 8 Plus,Phụ kiện ,1650000,17
Sạc dự phòng Mophie Powerstation Fabric 20000mAh ,Phụ kiện ,1690000,146
Cổng chuyển hyperdrive 4K HDMI 4,Phụ kiện ,1300000,4031
Tai nghe JBL TUNE 120TWS ,Phụ kiện ,1690000,454
Loa Bluetooth Sony SRS ,Phụ kiện ,1690000,20153
Tai nghe Apple urBeats3 Earphones with Lightning Connector ,Phụ kiện ,1690000,1018
Tai nghe Sony WI,Phụ kiện ,1750000,3210
Tai nghe True Wireless iWalk Amour Airbuds (sạc không dây) ,Phụ kiện ,1750000,11808
Thay camera sau IPhone 7 PLu,Phụ kiện ,1750000,13
Tai nghe Bluetooth Plantronics BackBeat Fit 300 ,Phụ kiện ,990000,2588
Huawei Y7 Pro 2019 ,Điện thoại ,2890000,581308
Vsmart Active 3 6GB/64GB ,Điện thoại ,2950000,39
Vsmart Active 3 ,Điện thoại ,2990000,199
Vivo Y11 ,Điện thoại ,2990000,55526
Vivo Y15 ,Điện thoại ,2990000,142683
Realme 5i ,Điện thoại ,3050000,33171
Nokia 5.3 ,Điện thoại ,3090000,140723
Honor 10 Lite ,Điện thoại ,2990000,470874
Vsmart Active 3 6GB/64GB Tím ngọc ,Điện thoại ,2950000,81
Xiaomi Redmi 9 ,Điện thoại ,3090000,72076
Samsung Galaxy M21 ,Điện thoại ,3190000,27
Vsmart Active 3 ,Điện thoại ,3190000,290748
Tai Nghe True Wireless Tekin i12 ,Phụ kiện ,390000,10054
Tai nghe Samsung Galaxy Buds+ (SM,Phụ kiện ,1790000,403
Loa Bluetooth Divoom TIVOO Max 40W ,Phụ kiện ,1850000,82
Hộp Sạc Không Dây Cho Tai Nghe Apple Airpods ,Phụ kiện ,1890000,28669
Tai nghe Samsung Galaxy Buds+ ,Phụ kiện ,1890000,532
Tay cầm chống rung Gimbal Feiyutech Vlog Pocket ,Phụ kiện ,1890000,5859
Tai nghe sony ,Phụ kiện ,1290000,9692
Cổng chuyển HyperDrive Pro 9,Phụ kiện ,1959000,340
Tai nghe không dây Honor FlyPods Lite ,Phụ kiện ,990000,33945
Tai nghe Samsung Galaxy Buds+ ,Phụ kiện ,1890000,420
Vsmart Joy 3 ,Điện thoại ,3290000,170317
Xiaomi Redmi Note 8 ,Điện thoại ,3250000,85
Oppo A12 ,Điện thoại ,3350000,35349
Xiaomi Redmi Note 8 ,Điện thoại ,3390000,2
Realme 5i ,Điện thoại ,3350000,122096
Apple Magic Mouse 2 ,Phụ kiện ,1990000,10993
Tai nghe Sony WH,Phụ kiện ,1350000,14906
Tay cầm chống rung Zhiyun Smooth Q2 ,Phụ kiện ,1990000,23321
Sạc dự phòng Aukey PB,Phụ kiện ,1490000,3575
Sạc Macbook Apple 61W USB,Phụ kiện ,1590000,2852
Tai Nghe Thể Thao Không Dây Bluetooth AKG N200A ,Phụ kiện ,1990000,2785
Tai Nghe bluetooth AKG Y500 ,Phụ kiện ,1190000,26481
Xiaomi Redmi Note 9 ,Điện thoại ,3290000,5
Vsmart Active 3 ,Điện thoại ,3290000,2863
Loa JBL Charge 3 ,Phụ kiện ,2090000,204066
Cổng Chuyển Hyperdrive USB,Phụ kiện ,1790000,2547
Tay cầm chống rung điện thoại DJI Osmo Mobile 2 ,Phụ kiện ,2190000,5912
Tay cầm chống rung Zhiyun Smooth 4 ,Phụ kiện ,1790000,28524
Tai nghe Mi True Wireless Earphones ,Phụ kiện ,1590000,13816
Cổng chuyển HyperDrive HDMI 4K 6,Phụ kiện ,2198000,130
Thay màn hình cảm ứng IPhone XR,Phụ kiện ,2250000,1
"Pin sạc dự phòng Energizer 20,000mAh PD 45W ",Phụ kiện ,1280000,14664
Thay camera sau IPhone XS MA,Phụ kiện ,2200000,1
Tai nghe Bluetooth AKG Y100BT ,Phụ kiện ,1090000,7182
Xiaomi Redmi Note 8 ,Điện thoại ,3290000,450
Tai nghe True Wireless Sony WF,Phụ kiện ,2300000,271
Tai nghe Samsung Galaxy Buds ,Phụ kiện ,1490000,108070
Thay pin IPhone XS MAX Chính Hãng PISEN (Dung lượng chuẩn 3174mAh,Phụ kiện ,1050000,3
Nokia 5.3 ,Điện thoại ,2890000,84
Pin sạc dự phòng Mophie Power Boost XXL 20800mAh 4083 ,Phụ kiện ,1350000,810
Tai nghe JBL TUNE 120TWS ,Phụ kiện ,1990000,38239
Tai nghe Samsung Galaxy Buds+ (SM,Phụ kiện ,2390000,77770
Cổng chuyển HyperDrive 6,Phụ kiện ,2399000,1296
Tai nghe Apple BeatsX Earphones ,Phụ kiện ,2390000,1822
Máy lọc không khí Xiaomi Mi Air Purifier 2C ,Phụ kiện ,2450000,1695
Loa JBL Charge 4 ,Phụ kiện ,2490000,22884
Máy lọc không khí Xiaomi Mi Air Purifier 2H ,Phụ kiện ,2490000,3997
Sạc dự phòng Mophie Powerstation USB,Phụ kiện ,2250000,674
Tai nghe Apple AirPods 2 ,Phụ kiện ,2500000,1090
"Sạc dự phòng Mophie Powerstation XL 10,000mAh ",Phụ kiện ,2590000,209
Cổng chuyển HyperDrive Duo 7,Phụ kiện ,2590000,137
Sạc đa cổng Hyperjuice Gan 100w nhỏ nhất thế giớ,Phụ kiện ,2300000,3835
Apple Pencil ,Phụ kiện ,2590000,41039
Loa di động JBL Flip 4 ,Phụ kiện ,1990000,30887
Loa Bluetooth SONY SRS ,Phụ kiện ,2690000,11947
Loa Bluetooth Divoom TIVOO Max 40W ,Phụ kiện ,2690000,6648
SDP Mophie Powerstation Plus XL Fabric 10.000mAh tích hợp cáp Lightning/Micro USB ,Phụ kiện ,2430000,684
Tai nghe JBL Tune 220TWS ,Phụ kiện ,2790000,7891
Loa Bluetooth Divoom Mocha 40W ,Phụ kiện ,2850000,897
Loa di động JBL Flip 5 ,Phụ kiện ,2190000,11724
Cổng chuyển HyperDrive Slim 8,Phụ kiện ,2849000,99
Thay bộ vỏ IPhone XS MA,Phụ kiện ,2550000,1
Tai nghe Bluetooth Plantronics BackBeat Fit 2100 ,Phụ kiện ,1990000,1768
Tay cầm chống rung điện thoại DJI Osmo Mobile 3 Combo ,Phụ kiện ,2790000,16350
Thay vỏ xương máy IPhone ,Phụ kiện ,2500000,1
Bao da kèm bàn phím Galaxy Tab S6 ,Phụ kiện ,2890000,9604
Cổng chuyển HyperDrive USBC Pro 8,Phụ kiện ,3029000,142
Đồng hồ Pierre Cardin PCX8516G514 ,Phụ kiện ,1990000,7357
Tai nghe True Wireless Sony WF,Phụ kiện ,2990000,13825
Tai nghe Apple AirPods 2 ,Phụ kiện ,2990000,487
Sạc dự phòng Anker PowerCore+ 26800mAh Power Delivery & Sạc PowerPort+ 1 ,Phụ kiện ,2290000,7131
Tai nghe Huawei Freebuds 3 chính hãn,Phụ kiện ,3090000,19849
Nokia 5.3 ,Điện thoại ,2700000,244
Tai nghe Bluetooth Plantronics 80 ,Phụ kiện ,850000,6162
Cổng chuyển HyperDrive Ultimate USB,Phụ kiện ,3139000,109
Máy lọc không khí Xiaomi Mi Air Purifier 3H ,Phụ kiện ,3290000,1514
Tai nghe Bluetooth Apple AirPods 2 (Sạc có dây) Chính hãng VN/A ,Phụ kiện ,3290000,3480
Đế sạc Mophie 3in1 ,Phụ kiện ,3300000,170
Thay màn hình cảm ứng IPad Air ,Phụ kiện ,3450000,1
